{"min_": [0.0, 0.0, 0.0, 0.0, 0.0, 0.20000000298023224, 0.1666666716337204, 0.0714285746216774, 2007.0], "scale_": [0.0555555559694767, 0.0555555559694767, 0.017241379246115685, 1.0, 1.0, 1.5789474248886108, 1.5789474248886108, 1.1546392440795898, 0.0555555559694767], "data_min_": [0.0, 0.0, 0.0, 0.0, 0.0, 0.20000000298023224, 0.1666666716337204, 0.0714285746216774, 2007.0], "data_max_": [18.0, 18.0, 58.0, 1.0, 1.0, 0.8333333134651184, 0.800000011920929, 0.9375, 2025.0]}