{
  "loss": [
    0.7903963923454285,
    0.7323781251907349,
    0.7322815656661987,
    0.7020017504692078,
    0.7011581063270569,
    0.6982784867286682,
    0.6982560753822327,
    0.7027934789657593,
    0.7000471949577332,
    0.6935376524925232,
    0.6782286763191223,
    0.6822137236595154,
    0.675004243850708,
    0.6698489785194397,
    0.6765429377555847,
    0.670133113861084,
    0.6716928482055664,
    0.6837975978851318,
    0.6858097910881042
  ],
  "val_loss": [
    0.6932294964790344,
    0.6941490769386292,
    0.6917176842689514,
    0.6915693879127502,
    0.6949959993362427,
    0.6972358822822571,
    0.6976783275604248,
    0.6993505358695984,
    0.7010273933410645,
    0.7032194137573242,
    0.707444429397583,
    0.7086483836174011,
    0.7097271084785461,
    0.7154042720794678,
    0.7197876572608948,
    0.7170041799545288,
    0.7159190773963928,
    0.7166175246238708,
    0.7192659974098206
  ],
  "accuracy": [
    0.488770067691803,
    0.5176470875740051,
    0.5262032151222229,
    0.5689839720726013,
    0.551871657371521,
    0.5433155298233032,
    0.5679144263267517,
    0.5390374064445496,
    0.5454545617103577,
    0.5390374064445496,
    0.5657753944396973,
    0.5679144263267517,
    0.5786096453666687,
    0.5903743505477905,
    0.5689839720726013,
    0.5540106892585754,
    0.5657753944396973,
    0.5657753944396973,
    0.5625668168067932
  ],
  "val_accuracy": [
    0.49572649598121643,
    0.47863247990608215,
    0.5299145579338074,
    0.5170940160751343,
    0.46581196784973145,
    0.470085471868515,
    0.4871794879436493,
    0.5,
    0.4871794879436493,
    0.5,
    0.470085471868515,
    0.4743589758872986,
    0.4829059839248657,
    0.47863247990608215,
    0.47863247990608215,
    0.47863247990608215,
    0.5128205418586731,
    0.5128205418586731,
    0.5128205418586731
  ],
  "test_accuracy": 0.5171,
  "epochs": 19
}